goID	gene	goTerm
GO:0000079	, BCCIP, BLM, CCNB1, CCNB3, CCNC, CCND2, CCNG1, CCNL1, CCNL2, CCNY, CCNYL1, CDKN2C, CNPPD1, GTPBP4, SFN	regulation of cyclin-dependent protein serine/threonine kinase activity
GO:0001523	ADH4, BCO1, DHRS3, RDH5, RPE65	retinoid metabolic process
GO:0002063	ACAN, BMPR2, BPNT2, CHST11, CHSY1, FGF18, MSX2, RARG, RUNX2, SFRP2, SMPD3, SOX9, SULF1, SULF2	chondrocyte development
GO:0002244	, ACP6, ADAR, AGPAT5, ANLN, AP3B1, ARHGEF7, ARL11, ARMC6, BMP4, BVES, C12orf29, CDK6, CEBPD, CITED2, DACT2, DHTKD1, DOCK1, EEF2, EML1, ESCO2, FST, FSTL3, GPATCH4, HOXB3, HYAL2, INHBA, KCNAB2, KIT, KRT5, NARFL, PDGFRA, PLD4, PLEK, PRRC2C, PSEN1, PTPN6, PTPRC, PTPRQ, PTPRZ1, PYGO1, RBM47, RRS1, SBDS, SFRP1, SIN3A, SLC7A6OS, SLC8A3, SMPD3, SSBP3, STON2, TENT2, TOP2A, WDR7, ZBTB24, ZFAT	hematopoietic progenitor cell differentiation
GO:0003012	SCO2	muscle system process
GO:0003281	AP2B1, CITED2, CPLANE1, CYR61, DCTN5, FRS2, GATA3, GJA5, HES1, LMO4, LRP2, LTBP1, LUZP1, MDM2, NPRL3, PRDM1, PTK7, SALL4, SMAD6, STRA6, SUFU, TBX5, TRIP11, WNT11, WNT5A	ventricular septum development
GO:0003429	MATN1	growth plate cartilage chondrocyte morphogenesis
GO:0006029	B4GALT7, BMP2, COL2A1, IHH	proteoglycan metabolic process
GO:0006605	AKAP12, AP1S3, CACNG3, ERBIN, HPS4, LAMP2, MYO1C, PAN3, RAB27A, RPL11, SEC61G, SORL1, STXBP4, TOMM20, YWHAB, YWHAE, YWHAG, YWHAQ, YWHAZ, ZDHHC3	protein targeting
GO:0006720	GGPS1, PHYH	isoprenoid metabolic process
GO:0006936	ACTN2, CACNA1S, CALD1, CERT1, CLCN1, DRD1, FKBP1A, GLRA1, LMOD1, LMOD2, MYBPC1, MYL1, MYOM1, MYOM2, MYOM3, SLMAP, STAC, TBX20, TMOD1, TMOD3, TPM1	muscle contraction
GO:0007005	ADGRG6, AFG1L, AFG3L2, AGTPBP1, ATAD3A, BCS1L, CAMKMT, CAV2, CEP89, CHCHD10, COX10, CRYAA, DNAJA3, DNM1L, EPAS1, EPM2A, FANCG, FXN, GABPB1, HMGCL, HTRA2, LONP1, LRRK2, MAN2A1, MIEF2, MSTO1, MTFP1, MTFR1, MTFR2, NIPSNAP2, OMA1, OPA1, P2RX7, PARK7, PARP1, PEX5, PHB, PHB2, PINK1, PPARGC1A, PRDX3, PTCD2, PYROXD2, RAB29, RAB32, RAB38, RAB3A, RHOT1, RHOT2, SESN2, SHARPIN, SLC25A33, SLC25A36, SLC25A46, SOD2, SPG7, STOML2, TERT, TMEM11, VPS13C, VPS13D, WDR81, YME1L1	mitochondrion organization
GO:0007041	ALS2, ATP13A2, GRN, HGSNAT, IGF2R, M6PR, NEDD4, PCSK9, TMEM106B, VPS51, VPS53, VPS54	lysosomal transport
GO:0007274	ADARB1, CHRNA1, EGR3, ETV5, KIF1B, MYLK2, P2RX2, RAB3A, SLC5A7, STAC3, STXBP1	neuromuscular synaptic transmission
GO:0007281	, ACVR1, AKT1, BCL2L1, BMP4, DAZL, DMRT1, DND1, DZIP1, FANCC, FBXW11, LIN28A, MOV10L1, MSH2, MTOR, PAFAH1B1, PRDM1, PRDM14, RARA, RNF2, RPS6KB1, SMAD5, TDRD1, TDRD5, TIAL1	germ cell development
GO:0007517	ALX4, CHD2, CRYAB, DMD, ETV1, FHL1, FXR1, JPH1, LAMA5, MSX1, MYF5, MYF6, MYOD1, MYOG, NRG1, SGCB, TCF15	muscle organ development
GO:0007519	BVES, CAV1, CFL2, CFLAR, DMD, EP300, FLNB, FOXP1, FOXP2, GDF8, GPCPD1, HLX, HOXD10, HOXD9, MAPK14, MEF2C, MEOX2, METTL21C, METTL8, MYF5, MYF6, MYOD1, MYOG, MYOZ1, MYOZ2, NF1, NR2F2, PAX7, PITX2, POPDC2, RHOA, SIX1, SIX4, SVIL, VGLL2	skeletal muscle tissue development
GO:0010389	CCNB3, CDK2, CENPF, KCNH5, KIF14, RNASEH2B	regulation of G2/M transition of mitotic cell cycle
GO:0010508	, ATF6, ATG16L1, DAPK1, DCN, FOXO1, HIF1A, HMGB1, IFNG, LRRK2, MID2, OPTN, PIK3C2A, PLEKHF1, PLK2, PRKAA1, PRKAA2, RNF152, ROCK1, SH3BP4, SH3GLB1, STK11, TMEM59, TP53INP1, TP53INP2, TPCN1, TRIM8, UFL1, ULK1, ZC3H12A	positive regulation of autophagy
GO:0010559	BCL2	regulation of glycoprotein biosynthetic process
GO:0010830	FBXO22, RBM24, RBM38, SIK1	regulation of myotube differentiation
GO:0010831	CAV3, MAPK14, MTOR, MYOG, RBM24, SMYD1, WNT3A	positive regulation of myotube differentiation
GO:0014706	EYA1, EYA2, IFRD1, SHH	striated muscle tissue development
GO:0014866	CFLAR	skeletal myofibril assembly
GO:0014902	BARX2, CAV3, GPX1, MEF2C, MYOD1, MYOG, SHH, SKI, SORT1, STIM1	myotube differentiation
GO:0014904	DMD, IGF-I, MYOD1, NFATC2, SMYD3	myotube cell development
GO:0015837	AQP9	amine transport
GO:0016079	, CADPS2, CPLX1, CPLX3, CPLX4, OTOF, P2RX7, RAB3A, SNAP25, SNAPIN, STX1A, SYT1, SYT2, UNC13B	synaptic vesicle exocytosis
GO:0016202	CENPF, SMAD3, TGFB1	regulation of striated muscle tissue development
GO:0016925	CBX4, EGR2, EYA1, IFIH1, PIAS1, PIAS2, PIAS3, PIAS4, SAE1, STX1A, SUMO1, SUMO2, SUMO3, TRIM28, UBA2, UBE2I, ZNF451	protein sumoylation
GO:0019722	ACKR4, BHLHA15, CALM1, CALM2, CALML3, CCR5, CCR6, CXCR1, CXCR4, CXCR5, EDN1, EDN2, EDNRB, GPRC6A, GRIN1, HTR2B, LAT2, LRRK2, MCU, NCALD, NMUR1, PDPK1, PLCG1, PPP1R9A, PPP1R9B, PPP3CA, RCAN1, RCAN2, RCAN3, RYR2, SGCD, TNFSF11, XCR1	calcium-mediated signaling
GO:0019932	TBXA2R	second-messenger-mediated signaling
GO:0021602	CITED2, PLXNA4	cranial nerve morphogenesis
GO:0030166	ACAN, BMPR2, CANT1, CHST11, CHST8, CSGALNACT2, EXT1, IGF-I, IHH, XYLT1, XYLT2	proteoglycan biosynthetic process
GO:0030509	, ACVR1, ACVR2A, ACVR2B, BMP10, BMP2, BMP4, BMP5, BMP6, BMP7, BMPR1A, BMPR1B, BMPR2, DLX5, EGR1, EXT1, FAM83G, FST, GDF2, GDF6, GDF7, HIVEP1, HJV, LEF1, MSX1, MSX2, PDCD4, RGMA, RGMB, ROR2, RUNX2, SCX, SLC33A1, SMAD1, SMAD3, SMAD5, SMAD6, SMPD3, SMURF1, SOSTDC1, TGFBR3, TMEM100, TWSG1, USP15, WNT3A	BMP signaling pathway
GO:0030510	ITGA3, RGMA, SFRP4, SFRP5, TFAP2B, TWSG1	regulation of BMP signaling pathway
GO:0030705	, HOOK3, KIF1B, KIF5C	cytoskeleton-dependent intracellular transport
GO:0030856	ASCL1, CTNNB1, FOXJ1, GATA3, XDH	regulation of epithelial cell differentiation
GO:0032922	, ARNTL, ATF4, BHLHE40, BHLHE41, CLOCK, CRY1, CRY2, CSNK1D, CSNK1E, DRD2, DRD3, EGR1, GFPT1, HDAC1, HNRNPU, ID2, KDM2A, KDM5A, KDM8, LGR4, MC3R, MYBBP1A, MYCBP2, NAMPTP1, NCOA2, NGFR, NOCT, NR0B2, NR1D1, NRIP1, OGT, PER3, PPARA, PPARGC1A, PPP1CA, PPP1CB, PPP1CC, RORA, SIRT1, TOP1, USP2, ZPBP2	circadian regulation of gene expression
GO:0035094	BCL2, CHRNA4, CHRNA5, CHRNA7, CHRNB4, HMOX1, LYPD1, MAPK3	response to nicotine
GO:0035567	CCDC88C, DVL3, FZD6, FZD7, VANGL2, WNT11, WNT4, WNT5A, WNT7A	non-canonical Wnt signaling pathway
GO:0035914	ANKRD1, ANKRD2, ANKRD33, ASB2, ATF3, BCL9, BCL9L, BTG2, CITED2, COPS2, DMRTA2, EGR1, EGR2, EOMES, FOS, FOXN2, GTF3C5, HEYL, HIVEP3, HLF, HMG20B, KLF5, KLHL41, LEMD2, MAFF, MEF2C, MEF2D, MYF5, MYF6, MYLK2, MYOD1, MYOG, NOTCH1, NR4A1, PAX5, PHOX2B, RB1, SAP30, SCX, SMYD1, SOX8, VAX1, WNT3A	skeletal muscle cell differentiation
GO:0042278	, OARD1	purine nucleoside metabolic process
GO:0042692	ASF1A, BIN1, DUPD1, FBXO40, GLMN, H3F3B, H3F3C, HIRA, IFRD1, MYOCD, MYOG, QKI, RORA, SEMA4C, SOX6	muscle cell differentiation
GO:0043467	NKX1-1	regulation of generation of precursor metabolites and energy
GO:0045732	, APC, ASB5, ASB9, ATG7, AXIN1, CUL4B, DAB2IP, DACT1, DDB1, DTL, FOXO1, FZR1, GGA1, GGA3, GPC3, HACE1, IGF-I, ITCH, LPCAT1, MYLIP, NDFIP1, NEDD4, NKD1, NSF, OAZ1, OAZ2, PLK2, RILP, RNF41, SEC22B, SGSM3, SNF8, SORL1, SOX17, SOX9, STX5, TIPARP, TNFAIP3, VIP, WNT5A	positive regulation of protein catabolic process
GO:0045739	, BRCA1, BRE, CEBPG, EGFR, ERCC6, EYA3, FAM175A, NPAS2, PCNA, RNF168, RNF8, SIRT1, SMCHD1, TMEM161A, TRIM28	positive regulation of DNA repair
GO:0046785	CENPJ, FBXO5, HDGFL3, MAPRE1, TPPP, TPPP3	microtubule polymerization
GO:0046928	CPLX3, CPLX4, KCNC4, MEF2C, PRKN, SNCA, SNCAIP, SNCG, SYT12	regulation of neurotransmitter secretion
GO:0048477	ASPM, C14orf39, DDX20, DMC1, H3F3B, H3F3C, HEXB, HORMAD1, MARF1, MEI4, MLH1, PTN, SPO11, SRC, STRA8, TRIP13	oogenesis
GO:0048538	ABL1, ASXL1, ATM, BCL11B, BCL2, BCL2L11, BRAF, CACNB4, CCNB1, CITED2, CRKL, CTNNB1, EPHB3, FADD, FOXN1, GATA3, HAND2, HES1, HOXA3, JARID2, LMO4, MAD1L1, MAFB, MAP2K1, MAP2K2, MAPK3, PAX1, PBX1, PSEN1, RAF1, RAG1, SHH, SIX1, SIX4, SLC46A2, SRF, TGFBR1, TYR, ZBTB1, ZMPSTE24	thymus development
GO:0048634	NEUROG1	regulation of muscle organ development
GO:0048641	MEGF10	regulation of skeletal muscle tissue development
GO:0048643	CDON, CTNNB1, MEF2C, PRKAA1, SHH, WNT3A	positive regulation of skeletal muscle tissue development
GO:0048741	, BIN3, CAV2, DNER, GPX1, HOMER1, KLHL40, KLHL41, LMOD3, MYOD1, MYOG, P2RX2, PPP3CA, RCAN1, SMO, STAC3	skeletal muscle fiber development
GO:0048742	FBXO22, HDAC4	regulation of skeletal muscle fiber development
GO:0048747	, AFG3L2, CACNA2D2, CACNB4, DMD, DYSF, MYL2, PTCD2, SGCB, UCHL1, WFIKKN1, WFIKKN2	muscle fiber development
GO:0048846	ALCAM, NRP1, NRP2, SEMA3A, SEMA3F, SLIT3	axon extension involved in axon guidance
GO:0050806	, CLSTN1, CLSTN2, CLSTN3, GRIK2, SLC1A3, SNCA, SYT1	positive regulation of synaptic transmission
GO:0051028	, BCLAF1, EIF4A3, EIF5A2, ENY2, FYTTD1, IGF2BP2, IGF2BP3, KIF5C, NCBP1, NXT2, QKI, SEC13, SLBP, ZFP36L1	mRNA transport
GO:0051145	, ACVR1, BMP4, CTNNB1, FOXF1, GATA6, MEF2C, MYOCD, TBX2, TBX3, TMEM204, WNT4	smooth muscle cell differentiation
GO:0051146	AKT1, BNIP2, CDH2, CDON, IGF2, IGFBP5, KRAS, MAPK14, MYOD1, POPDC2, RB1, SHH, SPAG9	striated muscle cell differentiation
GO:0051147	CAMK1, CDK9, IGF2, MEGF10, SUPT6H	regulation of muscle cell differentiation
GO:0051149	CAMK1, MDM2, MYOD1, SETD3, TARBP2	positive regulation of muscle cell differentiation
GO:0051153	HDAC4	regulation of striated muscle cell differentiation
GO:0051155	HOPX, NEK5, SHH	positive regulation of striated muscle cell differentiation
GO:0051298	ARHGEF10, BRCA2, CCP110, CENPJ, CEP192, NDC80, NDE1, ROCK2, SASS6, STIL, USP33	centrosome duplication
GO:0055001	MEGF10	muscle cell development
GO:0055002	SDC1	striated muscle cell development
GO:0055013	ACTN2, CAV3, HNRNPU, LRRC10, MTOR, SGCB	cardiac muscle cell development
GO:0055114	, AASS, ACAD11, ACAD8, ACAD9, ACADL, ACADS, ACADSB, ACOX1, ACOX2, ACOX3, ADH1C, ADH4, ADH6, ADI1, AGMO, AGPS, AIFM1, AIFM2, AIFM3, AKR1A1, AKR1B1, AKR1B10, AKR1D1, AKR1E2, AKR7L, ALDH18A1, ALDH1A1, ALDH1A2, ALDH1A3, ALDH1L2, ALDH3A2, ALDH4A1, ALDH5A1, ALDH6A1, ALDH7A1, ALDH8A1, ALDH9A1, ALKBH1, ALKBH2, ALKBH3, ALKBH8, ALOX5, AOC1, AOX1, AOX2, ASPH, BBOX1, BCO1, BCO2, BDH2, BLVRA, CAT, CBR3, CBR4, CCS, CDO1, CH25H, CHDH, COII, COQ6, COX15, COX3, CP, CRYL1, CRYZ, CRYZL1, CTBP1, CTBP2, CTBPL, CYB561D2, CYB5A, CYB5R1, CYB5R2, CYB5R4, CYBB, CYCS, CYP11A1, CYP17A1, CYP19A1, CYP1A1, CYP1A2, CYP1B1, CYP1C1, CYP20A1, CYP21A1, CYP26A1, CYP26B1, CYP26C1, CYP27C1, CYP2AB1, CYP2AB2, CYP2AB3, CYP2AB5, CYP2AC1, CYP2AC2, CYP2AC7, CYP2C18, CYP2C23a, CYP2C23b, CYP2D6, CYP2J21, CYP2J22, CYP2J23, CYP2R1, CYP2U1, CYP2W1, CYP39A1, CYP3A4, CYP3A5, CYP46A1, CYP4A22, CYP4B7, CYP4V2, CYP51A1, CYP7A1, CYP7B1, CYTB, D2HGDH, DAO, DBH, DCXR, DDO, DECR1, DEGS1, DHCR24, DHCR7, DHFR, DHODH, DHRS11, DHRS3, DHTKD1, DIO1, DIO2, DLD, DMGDH, DOHH, DPYD, DUOX2, DUS1L, DUS2, EGLN3, EHHADH, ENOX2, EPX, ERO1A, ERO1B, ETFA, ETFDH, F5, F8, FA2H, FADS2, FAM213A, FAR1, FAR2, FASN, FAXDC2, FDXR, FMO3, FOXRED1, FTH1, FTL, FXN, GAPDH, GCDH, GFER, GFOD1, GFOD2, GLDC, GLRX2, GLYR1, GMPR2, GPD1, GPD1L, GPD2, GPX1, GPX3, GPX4, GPX7, GPX8, GRHPR, GSR, H6PD, HAAO, HADH, HADHA, HAO1, HAO2, HEPH, HEPHL1, HGD, HIBADH, HIF1AN, HMGCR, HMOX1, HMOX2, HPD, HPDL, HSD11B1L, HSD11B2, HSD17B4, HSD3B1, HSDL2, IDH1, IDH2, IDH3A, IDH3B, IL4I1, IMPDH2, IVD, IYD, KCNAB1, KDM1A, KDM1B, KDM4B, KDM5B, KDM7A, L2HGDH, LBR, LDHA, LDHB, LOXHD1, LOXL1, LOXL2, LOXL3, LOXL4, MAOA, MARC1, MDH1, MDH1B, MDH2, ME1, ME3, MECR, MGST1, MICAL1, MIOX, MMACHC, MOXD1, MSMO1, MSRA, MSRB1, MSRB3, MT-CO1, MT-ND2, MTHFD1, MTHFD1L, MTHFD2, MTHFD2L, MTHFR, MTRR, NCF2, NCF4, ND1, ND3, ND4, ND4L, ND5, ND6, NDOR1, NDUFA9, NDUFB1, NDUFB8, NDUFC2, NDUFS1, NDUFS2, NDUFS3, NDUFS7, NDUFS8, NDUFV2, NNT, NOS1, NOS2, NOS3, NOX1, NOX3, NOX4, NOX5, NQO2, NSDHL, OGDH, OGDHL, OGFOD1, OGFOD2, OGFOD3, OXNAD1, P3H1, P3H2, P3H3, P4HA1, P4HA2, P4HA3, P4HTM, PAH, PAM, PCYOX1, PCYOX1L, PDHA2, PDIA3, PDPR, PECR, PGD, PIPOX, PLOD1, PLOD2, PNPO, POR, PPOX, PRCP, PRDX1, PRDX3, PRDX4, PRDX6, PRXL2C, PTGR1, PTGR2, PTGS1, PTGS2, PXDN, PYCR1, PYCR3, PYROXD1, PYROXD2, QDPR, QSOX1, QSOX2, RDH10, RETSAT, RFESD, RNLS, RPE65, RRM1, RRM2, RRM2B, RSBN1, RTN4IP1, SARDH, SC5D, SCCPDH, SCD, SCD5, SDHA, SDHB, SDR42E1, SDR42E2, SELENOT, SH3PXD2B, SMOX, SOD1, SOD2, SOD3, SORD, SPR, SQLE, SRD5A1, SRD5A2, SRXN1, STEAP2, STEAP4, SUOX, TBXAS1, TH, TMLHE, TP53I3, TPH1, TPH2, TPO, TXN, TXNRD1, TXNRD2, TXNRD3, TYW5, UEVLD, UGDH, UQCR10, UQCRFS1, UQCRHL, VAT1, VAT1L, XDH, ZADH2	oxidation-reduction process
GO:0060048	ATP1B1, CASQ2, CSRP3, GRK2, KCNE5, KCNH2, KCNQ1, MAP2K3, MAP2K6, MTOR, MYL2, MYL4, NKX2-5, RYR2, SCN2B, SCN3B, SCN4B, SGCD, SMAD5, SRSF1, TNNC1, TPM1	cardiac muscle contraction
GO:0060317	BMP2, CCNB1, CDH5, HEY2, HEYL, NOTCH1, OLFM1, RTN4, TGFB2, TGFBR2, TGFBR3, WNT16, WNT2	cardiac epithelial to mesenchymal transition
GO:0060536	HAND1, HAND2, HOXA5, MEF2C, MSX1, SNAI1	cartilage morphogenesis
GO:0060537	CSRP1, POGLUT1	muscle tissue development
GO:0060538	CNTFR, FXR1, LARGE1	skeletal muscle organ development
GO:0060993	, GCNT1, GCNT3, GCNT4, GDNF, HNF1B, PAX2, SOX4, VANGL2, WNT4, WNT9B, WWTR1, ZMPSTE24	kidney morphogenesis
GO:0061326	TTC8	renal tubule development
GO:0061548	TULP3	ganglion development
GO:0070925	GORASP2, STX7	organelle assembly
GO:0072080	WNT6	nephron tubule development
GO:0099504	SYN3	synaptic vesicle cycle
GO:1900006	ALK, BMP5, BMP7, COBL, DAB2IP, PTN, TMEM106B, VLDLR	positive regulation of dendrite development
GO:1901863	PPARGC1A	positive regulation of muscle tissue development
GO:1902749	NEK10, PAXIP1	regulation of cell cycle G2/M phase transition
GO:2000300	, ADCY1, ADORA2B, ADRA2A, APBA1, APBA2, BACE1, CACNB4, CASK, CHRM2, CHRNA4, CHRNA5, CHRNA6, CHRNB3, DGKI, DRD1, DRD2, DTNBP1, DVL1, FBXL20, GIT1, GRIN3A, LRRK2, NRN1, NRXN3, PFN2, PREPL, PRKCB, RAB5A, SNAPIN, STXBP5L, VPS18, WNT7A	regulation of synaptic vesicle exocytosis
GO:2000677	DOT1L, ZBTB7A	regulation of transcription regulatory region DNA binding
GO:2001014	C26H6ORF125, KLHL41, NR1D2, RBFOX1, SIX1	regulation of skeletal muscle cell differentiation
GO:2001022	BCLAF1, FMR1, NSMCE1, PAXIP1, PRKCD	positive regulation of response to DNA damage stimulus
GO:0005794	, ABCA1, ABCB6, ACBD3, ACER2, ACHE, ACO1, ACSL3, ADAM10, ADAM19, ADRB2, AFTPH, AHSG, AKAP9, ALB, ALKBH5, ALX1, AMFR, ANGPTL3, AP1AR, AP1B1, AP1G1, AP3M1, APBA1, APH1A, APP, ARCN1, ARF1, ARF4, ARFGAP2, ARFGAP3, ARFGEF1, ARFRP1, ARHGAP21, ARL3, ASH1L, ASIC1, ATF6, ATP2C1, ATP6V0A1, ATP7A, ATP7B, ATP8A1, ATP8A2, ATP8B1, ATP8B2, ATR, ATXN2, AVPR1B, B2M, B3GALT2, B3GAT1L, B3GNT4, B3GNT9, B4GALNT3, B4GALT1, B4GALT2, B4GALT3, B4GALT4, B4GALT7, BACE1, BACE2, BCL6, BCL9, BEND5, BICD1, BICD2, BLZF1, BOK, BPNT2, C15H12orf49, C25H1ORF43, CA4, CABP2, CAMSAP2, CAND1, CAPN2, CASC4, CAV1, CBL, CCDC170, CCDC186, CCDC88A, CCDC91, CD36, CD74, CDH15, CEP57, CEP83, CEP85, CEPT1, CERT1, CHEK2, CHIC2, CHPT1, CHST11, CHST14, CHST2, CLASP1, CLASP2, CLCN3, CLCN5, CLEC16A, CLINT1, CLSPN, CNTNAP2, COG1, COG3, COG5, COG7, COL26A1, COLEC10, COMMD9, COPA, COPB1, COPB2, COPE, COPG1, COPZ1, CORO7, CPE, CPQ, CREG2, CRELD2, CSDE1, CSGALNACT1, CST7, CTLA4, CTTN, CUBN, CUL3, CXCL14, DCLRE1C, DDX31, DDX54, DENND4C, DENND5A, DLG1, DNM1L, DNM2, DOCK4, DPP7, DPY30, DRAM2, DUSP10, DUSP26, DYM, DYNC2H1, DYSF, EHF, EI24, ELF3, EMP2, ENPP7, ENTPD6, ERGIC2, ESCO2, EXT1, EXT2, EXTL3, FAIM2, FAM114A1, FAM174B, FAM20A, FAM20B, FAM20C, FAM241A, FAM3C, FASN, FBXW7, FBXW8, FEZ1, FGF22, FGF7, FGFR2, FGFR3, FGFR4, FGFRL1, FKTN, FMNL3, FNDC3A, FTCD, FUT10, FUT4, FUT7, FUT9, FYCO1, G2E3, GAL3ST1, GAL3ST2, GALNT1, GALNT18, GALNT2, GALNT3, GALNT6, GALNT9, GALT, GAS8, GASK1B, GCC2, GCNT2, GDI1, GDNF, GGA1, GGA3, GKAP1, GLB1, GLCE, GLG1, GLYCTK, GNAI3, GNPNAT1, GNPTAB, GOLGA1, GOLGA3, GOLGA4, GOLGA5, GOLGB1, GOLIM4, GOLM1, GOLPH3L, GORAB, GORASP1, GORASP2, GOSR1, GOSR2, GPER1, GPR107, GPR143, GPR89A, GPSM1, GRB2, GRN, H-RAS, HABP4, HACE1, HDAC3, HEPACAM2, HID1, HIP1, HMP19, HS2ST1, HTT, IFT20, IFT57, IGF2R, IGFBP1, IL17RD, ING2, INPPL1, ITM2B, ITM2C, JAKMIP2, JAM3, KCNS3, KDELR2, KDR, KIAA0319L, KIFAP3, KIFC3, KLF5, KLHL20, LAPTM4A, LARGE1, LEPROT, LFNG, LIPG, LITAF, LMAN1L, LMAN2, LMAN2L, LPCAT1, LRP2, LRP6, LRPAP1, LRRK2, LYN, LYSMD3, LZTR1, M6PR, MALRD1, MAMLD1, MAN1A1, MAN2A1, MANEA, MAPKAP1, MAPRE1, MARF1, MCOLN1, MGAT1, MGAT2, MGAT4A, MGAT5B, MIF4GD, MLANA, MOSMO, MPLKIP, MPPE1, MSH6, MTTP, MTTPL, MYO5A, MYOC, MYRF, N-RAS, NAA25, NAPEPLD, NCS1, NCSTN, NDFIP1, NDFIP2, NECAB3, NEDD4, NEO1, NFE2L2, NMNAT2, NMT2, NOS3, NPC1, NPY, NSFL1C, NSG1, NTN3, OBSL1, OLFM3, OPTN, OSBP, OSBPL11, OSBPL9, P3H2, PAPD7, PAQR3, PAQR8, PAX2, PCSK9, PDCD10, PDGFRA, PDGFRB, PDXDC1, PEX5, PHEX, PKD1, PKD2, PKDCC, PLA2G4A, PLD1, PLEKHA3, PLEKHA8, PLEKHM3, PLSCR1, PMEL, PNRC2, POFUT2, PPHLN1, PPP2R3C, PPP2R5C, PPT1, PRDM2, PREPL, PRKAA2, PRKCE, PRKN, PRNP, PSEN1, PSMG1, PTCH1, PTGS1, PTHLH, PWP1, PXYLP1, QPCTL, QSOX1, QSOX2, RAB10, RAB14, RAB18, RAB1B, RAB20, RAB27A, RAB29, RAB2A, RAB32, RAB33B, RAB38, RAB39B, RAB3GAP1, RAB43, RAB6A, RAB7A, RAB7B, RAF1, RAPSN, RASSF2, RER1, RHO, RIPOR1, RNF128, RNF144A, RNF24, RP2, RPGR, RPS12, SCAMP2, SCAMP5, SCOC, SCRG1, SCYL3, SDE2, SDF4, SEC14L1, SEC16A, SEC22B, SEC23IP, SELENOM, SEMA6D, SERINC3, SERINC5, SGCE, SGMS2, SH3GLB1, SLC10A7, SLC16A13, SLC1A6, SLC26A11, SLC29A3, SLC30A1, SLC30A5, SLC30A6, SLC30A7, SLC35A1, SLC35B2, SLC35B4, SLC35C1, SLC35C2, SLC35E1, SLC35E2B, SLC35E4, SLC35G2, SLC38A10, SLC39A11, SLC39A13, SMAD6, SMN, SMO, SMPD3, SMPD4, SNX17, SORL1, SORT1, SPATA16, SPRY1, ST3GAL1, ST3GAL3, ST6GALNAC1, ST8SIA1, ST8SIA2, ST8SIA5, STC2, STK25, STRN3, STX10, STX11, STX16, STX5, SULF1, SULF2, SURF4, SYAP1, SYNDIG1L, SYT1, SYT4, TAF7, TANGO2, TBC1D14, TBC1D23, TBC1D5, TCP1, TDRD3, TEPSIN, TGM4, TLR4, TM9SF4, TMBIM1, TMC6, TMED10, TMED2, TMED3, TMED7, TMEM115, TMEM130, TMEM165, TMEM173, TMEM214, TMEM230, TMEM5, TMF1, TNKS, TNRC6A, TP73, TPP1, TPST1, TRAPPC11, TRAPPC12, TRAPPC3, TRAPPC4, TRIP11, TRRAP, TSC2, UBAC1, UBASH3A, UHMK1, UNC45A, UNC50, USO1, USP33, VAMP4, VAMP7, VAPB, VPS13A, VPS51, VPS53, VPS54, VTI1A, VTI1B, WDR44, WDR77, WLS, WWOX, YIPF1, YIPF3, YIPF4, YIPF5, YKT6, ZDHHC12, ZDHHC13, ZDHHC14, ZDHHC15, ZDHHC17, ZDHHC18, ZDHHC2, ZDHHC21, ZDHHC22, ZDHHC3, ZDHHC4, ZDHHC7, ZDHHC8, ZDHHC9, ZFYVE1, ZMYND8, ZNF148, ZNF622	Golgi apparatus
GO:0005815	, ALDOB, ARFGEF2, AURKA, BBS5, BIRC6, CCP110, CDC42, CEP41, CEP43, CEP44, CEP63, CNTRL, CSNK1A1, DCAF12L2, DTL, DYNC2LI1, EXOC7, FAM179A, FOPNL, GNAI2, KATNB1, KIZ, KRT18, MAPRE1, NDC80, NDE1, NDEL1, NSFL1C, PAFAH1B1, PAX2, PCM1, PLK1, PPP1R42, PRKCZ, PTK2, SPAST, SPECC1L, TA3, TBCCD1, TCP1, TEKT2, TUBG1, TUBGCP2, TUBGCP3, TUBGCP4, TUBGCP5, TUBGCP6, YES1	microtubule organizing center
GO:0005887	, ABCA1, ABCC1, ABCG5, ABCG8, ABHD17B, ACKR2, ACVR1, ACVR1B, ADAM17, ADAM8, ADCY9, ADGRD1, ADGRL3, ADGRL4, ADORA2A, ADRA2A, ADRA2B, ADRA2C, ADRB2, ALCAM, ALK, AMIGO1, ANKH, ANO6, APCDD1, APH1A, AQP2, AQP5, AQP9, ASIC1, BACE1, BCAP31, BMPR2, BOC, BRS3, BSND, CACNA1H, CALHM1, CASR, CAV1, CAV2, CD47, CD72, CD72AG, CD9, CDH2, CDH4, CDHR1, CDON, CFTR, CHRM2, CHRM3, CHRM4, CHRM5, CHRNA9, CLCN1, CLDN1, CTLA4, CYBB, CYSLTR1, DCBLD2, DDR1, DDR2, DRD1, DRD2, DRD3, DRD4, DRD5, DSCAM, EDA, EDA2R, ELAPOR1, ENPP7, EPGN, EPHA1, EPHA2, EPHA3, EPHA4, EPHA5, EPHA7, EPHA8, EPHB1, EPHB2, EPHB3, EPHB6, ESYT3, F2RL1, FGFR1, FGFR2, FGFR3, FGFR4, FLRT2, FLRT3, FLT1, FLT4, FOLH1, GABBR2, GABRA1, GABRA6, GABRB3, GABRE, GABRG2, GABRG3, GABRP, GABRQ, GALR1, GJA3, GJA5, GJA8, GLP1R, GLRA1, GLRA2, GLRA3, GLRA4, GLRB, GNRHR, GPA33, GPNMB, GPR149, GPR174, GPR20, GPR55, GPR65, GRIK3, GRIN1, GRIN2A, GRIN2B, GRIN2C, GRM1, GRM3, GRM4, GRM5, GRPR, HAS2, HBEGF, HCN1, HCN2, HCRTR2, HHIP, HTR1A, HTR1B, HTR1E, HTR1F, HTR2A, HTR2B, HTR2C, HTR3A, HTR4, HTR5A, HTR7, HTR7L, HVCN1, ICOSLG, IFITM5, IFNAR1, IGDCC3, INSR, INSRR, IYD, JAG2, JAM2, JAM3, KCNA2, KCNA4, KCNA5, KCND2, KCNK1, KCNK10, KCNMB4, KCNQ2, KCNQ3, KCNQ5, KDR, KIT, LGR4, LGR5, LHCGR, LMAN2, LMBR1, LMBR1L, LNPEP, LPAR1, LRP12, LRRC8B, LRRC8C, LRRC8D, LRRN4, MCHR2, MEP1B, MFSD2A, MIGA2, MIP, MMP15, MMP16, MMP24, MOSPD2, MPZ, MPZL1, MTNR1A, NCMAP, NCSTN, NEO1, NLGN1, NLGN2, NLGN3, NLGN4Y, NMBR, NOTCH2, NPC1, NPFFR1, NPR2, NPSR1, NRG1, NTRK1, NTRK2, NTRK3, NTSR1, OPN1MSW, OPN3, OPN5L2, OPNVA, OPRK1, OPRL1, OPRM1, ORAI1, OTOP1, OXTR, P2RX1, P2RX2, P2RX4, P2RX5, P2RX6, P2RX7, P2RY1, P2RY8, PACC1, PCDH10, PCDH15, PCDHGC5, PDGFRB, PHB, PKD1, PKD2, PKD2L1, PLPP1, PLPPR4, PLSCR1, PLXNA2, PLXNA4, PLXNB2, PLXNB3, PLXND1, PRPH2, PSEN1, PTH2R, PTPRT, REEP2, RET, RGR, RHAG, RHBG, RHCE, RHCG, ROR2, RTN4R, SCARA5, SCARB1, SCN4A, SCNN1A, SCNN1B, SCNN1G, SEMA3D, SEMA4D, SEMA6A, SEMA6B, SGMS2, SLC12A5, SLC12A7, SLC16A1, SLC16A10, SLC16A12, SLC16A2, SLC16A3, SLC16A7, SLC16A8, SLC17A5, SLC19A1, SLC1A1, SLC1A2, SLC1A3, SLC24A4, SLC26A1, SLC26A2, SLC26A3, SLC26A5, SLC26A6, SLC27A1, SLC28A3, SLC29A1, SLC2A1, SLC2A13, SLC2A5, SLC2A8, SLC38A3, SLC39A10, SLC39A14, SLC39A6, SLC39A8, SLC4A1, SLC52A3, SLC6A1, SLC6A11, SLC6A13, SLC6A15, SLC6A17, SLC6A18, SLC6A2, SLC6A20, SLC6A4, SLC6A6, SLC6A9, SLC8A1, SLC8A2, SLC8A3, SLC9A1, SLCO2B1, SLITRK6, SORCS2, SSPN, SSTR2, STAB1, STAB2, STBD1, STOM, STRA6, STX1A, SYNDIG1, SYT11, SYT13, TAAR5, TEK, TENM1, TENM2, TENM3, TENM4, TFRC, TLR2A, TLR4, TLR5, TM2D1, TM4SF1, TMC1, TMC2, TMC3, TMC5, TMC6, TMC7, TMEM150C, TMEM266, TMEM8C, TNFRSF13B, TNFRSF18, TNFRSF21, TRABD2A, TRABD2B, TRPA1, TRPC3, TRPM1, TRPM2, TRPM6, TSPAN12, TSPAN5, UGT1A1, UTS2R, YKT6, ZDHHC2, ZNRF3	integral component of plasma membrane
GO:0005911	, ACTN1, ACTN4, ACTR3, ADAM17, ADD3, ADGRL3, AFDN, AHI1, AKT1, APP, AQP3, ARVCF, CADM3, CASK, CD2AP, CD3E, CDC42, CDH2, CDH5, CLDN1, CLDN2, CLDN3, CLDN5, CLIC4, COL13A1, CSK, CTNNB1, CTNND1, CTNND2, DAG1, DBN1, DES, DLG1, DLG3, DNMBP, DSG1, DSP, ECT2, EPB41L3, FABP7, FGFR4, FLRT2, FLRT3, FRS2, FSCN1, FZD4, GAB1, GRB2, HEPACAM, IGSF11, IQGAP1, IQGAP3, JAM3, JCAD, JUP, KIRREL1, KIT, LAMA1, LCP2, LIN7C, MAGI1, MAGI3, MLC1, NECTIN1, NECTIN3, NGFR, NPHP1, NPHP4, NPHS2, P2RX7, PACSIN2, PAK1, PAK2, PARD3, PCDH12, PDXP, PDZD11, PECAM1, PIK3R1, PIKFYVE, PKD2, PKP2, PLCG1, PLEKHA7, PLEKHG5, PRKCD, PRKCZ, PRKD1, PTK7, PTPN6, PTPRM, PTPRU, RASIP1, RHO, RPGRIP1L, SH3KBP1, SKAP1, SLC2A2, TEK, THEMIS, TIAM1, TJP1, TJP2, TMEM47, TRPC4, TWF1, USP53, VANGL2, VCL, WAS, WASF2, WDR1, ZAP70	cell-cell junction
GO:0005912	, ADD1, AFDN, AHI1, AJAP1, APC, ARVCF, BMPR2, CCDC85A, CCDC85C, CDC42EP4, CDCA3, CDH11, CDH2, CDH20, CDH5, CDH6, CTNNA2, CTNNA3, CTNNB1, CTNND2, CYTH3, DLG5, DLL1, EFNA5, EPB41L5, EPHA5, FAT2, FERMT2, FRMD4B, FRMD5, FRS2, JAG1, JCAD, JUP, KLHL24, LDB3, LIMD1, MAGI1, MPP4, MPP5, MPP7, MYH9, MYO1E, NDRG1, NECTIN1, NECTIN3, NECTIN4, NF2, NIBAN2, NOTCH1, PDLIM7, PGM5, POF1B, PPP1CA, PTPRM, SHROOM2, SHROOM3, SNAP23, TJP1, TLN1, VCL, ZYX	adherens junction
GO:0030018	, ACTN1, ACTN2, ACTN4, ATP2B4, BAG3, BMP10, CACNA1D, CAPZA1, CAPZA2, CAPZB, CASQ2, CAVIN4, CFL2, CRYAB, CSRP1, CSRP3, CTNNB1, DES, DMD, DNAJB6, FBXO32, FHL2, FHL3, FKBP1B, GLRX3, HOMER1, HSPB1, JPH1, JUP, KRT24, LDB3, MYL9, MYO18B, MYOT, MYOZ2, MYPN, NEBL, NOS1, PDLIM1, PDLIM7, PGM5, PPP1R12A, PPP2R5A, PPP3CA, PPP3CB, PSEN1, RYR2, SCN1A, SCN3B, STUB1, SYNE2, SYNPO2, VCL	Z disc
GO:0030880	CRCP, POLR2D	RNA polymerase complex
GO:0031226	ADIPOR1, ADIPOR2, ALCAM, CD63, GGT5, KCND2, OPRD1, PDGFRB, S1PR1, SCN4B, SLC10A7, SLC8A3, TGM2, TLR4, TNFRSF21, XPR1	intrinsic component of plasma membrane
GO:0031674	, ACTC1, ANKRD1, ANKRD2, CACNA1S, CAPZB, CFL2, KAT2B, MTM1, MYPN	I band
GO:0036477	CACNG2, CACNG3, CACNG4, GRIA1, GRID2, JAM2, MAPT, RAB5A, SLC4A10, SNAP25, SYT4, TMEM108	somatodendritic compartment
GO:0042995	, ACTN1, AGFG1, AIF1L, ALCAM, ANKK1, APPL2, ARMC9, ARPC2, ARPC4, BBS5, BCR, BSN, C1H11ORF70, C1QTNF5, CDC42, CDC42BPA, CEP41, CFAP20, CFAP65, CLIP1, CPLANE2, CSNK1A1, DBN1, DCX, DNAAF1, DNAH1, DPP4, DSCAM, ELOVL5, EZR, FABP7, FLRT3, FMR1, GFAP, GLRA1, GNB2L1, IMPG1, KITLG, KIZ, LAPTM4B, LIMK1, MACF1, MAGI1, MAP1B, MAP1S, MAPRE1, MAPT, MBP, MPP1, N4BP3, NGFR, NSG1, NTRK2, OLFM1, PCM1, PDPK1, PLCG1, PLS1, PPP1R16B, PROM2, PSEN1, PTEN, PTK2, RHOC, RHOG, RND2, RTN4, SEPT2L, SEPTIN2, SH3GL2, SH3PXD2B, SLC1A3, SLC2A13, SNTN, SORD, STMN2, STON1, TEKT3, TENM2, TMEM17, TMEM231, TULP1, VIM	cell projection
GO:0043005	, ABI1, AHCYL2, ANKRD27, APP, ATCAY, ATP13A2, BAIAP2, BCL11B, BRAF, C9orf72, CACNA1G, CACNA1H, CALB1, CDC42, CDH13, CDH2, CIB4, CNTN2, CPEB3, CRABP-I, CYFIP1, CYGB, DCX, DTNBP1, DVL1, EN2, EPHA2, EPHA4, EPHA7, EPHA8, FAM107A, FAM126A, FBXW11, FMR1, FRMD7, GABBR2, GABRA1, GABRA6, GABRB3, GABRE, GABRG2, GABRG3, GABRP, GABRQ, GLRA1, GNB2L1, GPR149, GRIA1, GRIN1, GRIN2A, GRIN3A, GRIP1, GRM1, GRM2, GRM3, GRM5, HMGB1, HOMER1, HTR2B, HTR3A, INPP5K, IQGAP1, KCNN1, KIF3A, KIF5A, KIF5B, KIF5C, KLHL14, LIMK1, LRIG2, LRRK2, MAP2, MAPK8IP1, MAST1, MPST, MYH10, MYO1D, NCAM2, NCDN, NEFL, NEU4, NF2, NPY5R, NRP1, NRSN1, OPRL1, OPRM1, PACRG, PAFAH1B1, PARK7, PCSK1, POU4F1, PRKN, PSEN1, PTEN, PTGS2, PTPRF, RAB21, RAB39B, RAC3, RAP1GAP2, RGS17, RHOC, RIT2, RTN4R, SHANK2, SLC12A2, SLC12A5, SLC1A3, SLC30A3, SLC32A1, SLC4A8, SNAP25, SSTR2, STMN1, STMN2, STMN3, STMN4, STON2, STX1A, SYP, SYT1, SYT11, SYT13, SYT4, TENM4, TH, TMEM57, TNN, TPH2, TRPV1, TSGA10, UBB, UFL1, VAMP7, VIM, VIP, VPS35	neuron projection
GO:0043025	, AGFG1, ALCAM, APOB, ASCL1, ATP13A2, ATXN10, BRINP1, CACNA1B, CALB1, CD200, CDC42, CIB4, CNNM1, CNTN2, COBL, CYGB, CYP17A1, DAB2IP, DENND1A, DNER, DPYSL2, DPYSL5, DSCAM, ELOVL5, ENO2, EPHB2, ERMN, FABP7, FBXO31, FBXW11, FRMD7, FZD3, GABRA2, GABRD, GAL, GDPD5, GLRA1, GNB2L1, GRIA1, GRIK2, GRIN3A, GRIN3B, HDAC1, HSP90AA1, HSP90AB1, HSPD1, IAPP, IGSF9B, IL6ST, INPP5F, KCNC1, KCND2, KCNN1, KIF5A, KIF5C, KLHL1, KLHL14, KREMEN1, LRIG2, LRRK2, MAP1B, MAP2, MAPT, MAST1, MBP, MME, MUL1, MYH10, MYO1D, MYO5A, NEUROG1, NRSN1, NRXN1, OLFM1, P2RX7, PAFAH1B1, PENK, PICALM, PMM1, PMM2, PPT1, PRKAA1, PRKAA2, PSD2, PSEN1, PTPRF, PTPRK, PURA, RAB17, RAC3, RBFOX3, RTN4, RTN4R, S100B, SCN1A, SERPINI1, SEZ6, SEZ6L, SLC12A2, SLC12A5, SLC1A3, SLC22A3, SLC38A7, SLC4A10, SLC5A7, SLC6A1, SNAP47, SNCA, SNCG, SOD1, SRR, STMN2, SYT4, SYT7, TAC1, TANC1, TBX21, TMEM50A, TMPRSS3, TNN, TTBK1, TUBB3, UBB, UCHL1, UNC5C, VPS35, ZNF385A, ZNF804A, ZPR1	neuronal cell body
GO:0043197	, ADORA1, ALS2, APBA2, APP, ARC, ARF4, ARHGAP44, ASAP1, BCR, CALB1, CD3E, CDC42, DNM1, DNM2, DNM3, DRD1, DTNBP1, EPHA4, FBXO2, FXR1, GRIA1, GRID2, GRIN1, GRM3, ITGB1, KCND2, MPP2, MYH10, NEDD4, NEURL1, NGFR, NR1D1, NTRK2, OPHN1, PPFIA2, PPP1R9A, PPP3CA, PRKAR2B, PTK2, PTPRO, RAB8A, RAC1, RGS14, SEZ6, SHANK2, SLA, TANC2, ZNF804A	dendritic spine
GO:0043235	, ABCG5, ABCG8, ACVR1B, ACVR2A, ACVR2B, ADRA2A, ADRB2, APP, BMPR1A, BMPR2, CAPRIN2, CD36, DDR1, EGFR, EPHA2, EPHA4, EPHA7, ERBB2, ERBB3, ERBB4, FGFR1, FGFR2, FGFR3, FLT1, FLT4, GFRA1, GFRA3, GPR119, GPR160, GPR20, GPR37, GPR37L1, GPR61, GPR63, IGF1R, IL12B, IL31RA, IL6ST, IMPG2, INSR, INSRR, ITGA3, ITGB2, ITGB5, ITGB6, ITGB7, ITPR2, KCTD16, KCTD8, KIT, LEPR, LIFR, LOXL4, LRP1, LRP1B, LRP2, LRP8, MCOLN1, MTNR1A, MUSK, NBR1, NLGN1, NOTCH1, NOTCH2, NR1H4, NR3C2, NT5DC3, NTRK1, NTRK2, NTRK3, P2RX2, P2RX6, PDGFRB, PEX5L, PKD2L1, PLA2R1, PLXDC1, PPARG, PTPRA, PTPRB, PTPRN2, RAMP1, RAMP2, RET, RIPK1, RNMT, ROR1, ROR2, RXRA, SMAD3, TGFBR1, TGFBR2, TGFBR3, TLR4, TLR7, TNFRSF1A, TRPC1, VIPR1, VLDLR	receptor complex
GO:0044297	BRAF, CALB1, CCT2, CCT4, CCT5, CCT7, CCT8, CD200, CD3E, CDH2, CXorf56, FABP7, FYN, GABRA5, GFAP, GLUL, GNAI2, GNAO1, GNAZ, GNB2L1, GRIA1, IL6ST, MAP2, MAPK8IP1, MAPT, NAXE, NF2, PACRG, PARK7, PINK1, RIT2, RPS6, SLC1A2, SLC2A13, STAU1, TCP1, TMEM132E, TRPV2, TUBB, USP33, ZPBP2	cell body
GO:0044309	GRIA1, PALM	neuron spine
GO:0048471	, AANAT, ABL1, ACHE, ACSL3, ACTN4, ADGRB1, AKAP6, ALG2, ALOX5, AMFR, ANGEL1, ANKRD13A, ANKRD13B, ANKRD13D, ANXA6, APBA3, APC, APP, AQP11, AQP2, ARFGEF1, ARHGAP1, ASPSCR1, ATP6V0A1, ATP6V0A2, ATP7A, ATP7B, ATP9A, ATP9B, ATXN10, ATXN2, AURKA, AXIN1, AZIN2, BAG5, BDNF, BICD1, C5H14orf166, CA4, CALR, CAPN6, CAV1, CAV2, CDK5R1, CDKN3, CEP43, CEP68, CERT1, CHGA, CHODL, CIB4, CLDN19, CLIC4, COBL, COPS5, COPS8, CORO1B, CTLA4, CYB5R4, CYFIP1, CYFIP2, DAB1, DCTN3, DCUN1D3, DGAT2, DGKI, DICER1, DLG1, DNAJB6, DNM1L, EGFR, EHD2, EHD3, EHD4, EIF2AK2, EIF4A2, EIF4E, ENPP3, EPN3, EZR, FAF1, FBXL5, FBXW7, FBXW8, FIGNL1, FMR1, FXR1, FZD9, GALNT1, GALNT2, GALNT3, GALNT6, GDPD1, GNB2L1, GOLGA1, GTPBP4, HCRT, HHATL, HIF1AN, HIP1R, HMGB2, HMGCLL1, HMOX1, HSF1, HSP90AA1, HSP90AB1, HSP90B1, HSPA8, HTT, HYAL2, INHBA, INHBB, INPP5K, ITGB1, ITGB1BP1, ITM2C, JCAD, KCNH2, KCNS1, KCNS2, KIRREL1, KLHL7, LAMP1, LCP1, LGMN, LNPEP, LRPPRC, LYN, M6PR, MAD2L1, MAEL, MAP1S, MAP6, MCM3, MEX3D, MLC1, MLPH, MMD2, MOSPD1, MSN, MTMR14, MTPN, MVP, MYO1B, NANOS1, NCS1, NDFIP1, NDFIP2, NDRG1, NEDD4, NF2, NHLRC1, NOCT, NOS2, NOX4, NPC1, NTRK2, NXT2, OBSL1, OLFM4, OPTN, OSBP, P2RX4, PAFAH1B1, PARK7, PCSK9, PDLIM4, PHEX, PICALM, PIK3R1, PIKFYVE, PINK1, PKN2, PLCZ1, PLSCR1, PPIB, PPP1R16B, PRDX6, PRKCE, PRKN, PRR7, PSEN1, PSMF1, PTCH1, PTK2, PTK2B, PTPRM, PUM2, RAB10, RAB11A, RAB11FIP4, RAB3A, RAB3B, RAB3C, RAB40B, RAB4A, RAC3, RAD51, RAD51C, RANGAP1, RARB, RASEF, RASGRP3, RNF207, RNF41, ROS1, RPS6, S100A13, S100A4, S100A6, SCEL, SEC16A, SEC23A, SEC23B, SEPTIN12, SEPTIN9, SEZ6, SHTN1, SIRT2, SLC2A10, SLC30A7, SLC39A12, SLC39A13, SLC5A1, SLC8A3, SLC9A3R1, SLIRP, SLK, SNAP25, SNAPIN, SNF8, SNX5, SORT1, SPAST, SRC, STBD1, STC2, STMN2, STOM, STX10, STX7, STX8, SYAP1, SYT4, TAF8, TAOK1, TFRC, TH, TLK2, TLR4, TMEM100, TMEM173, TMEM192, TNKS2, TP53BP2, TPD52L1, TPPP, TPPP3, TRAF6, TRAPPC12, TRAPPC2, TRARG1, TSC2, TSPAN1, TTBK1, TWF1, TWF2, TYR, UBQLN1, UBR5, USO1, USP33, VAMP3, VAMP7, VAPA, VPS35, VPS53, VPS54, VTI1B, WBSCR22, WRNIP1, WWC1, XRCC3, YWHAB	perinuclear region of cytoplasm
GO:0098794	ADGRB3, ATAD1, C1QA, C1QB, C1QC, CPLX1, CYFIP1, CYP46A1, DGKQ, DYNLL2, ELAVL1, ERBIN, FXR1, GABRA1, GABRA2, GABRA6, GABRE, GABRG2, GABRG3, GHRL, GRIA1, HOMER1, INA, MECP2, MYO5A, NLGN3, P2RX5, P2RX7, PFN2, PLCB4, PRKAR2B, PSD2, PSMA7, PURA, RAC1, RGS7BP, RPL8, RPLP0, SNAP25, SNCA, VPS35, WASF3, ZNF804A	postsynapse
GO:1902911	IGF1R, MAP3K5, NEK10	protein kinase complex
GO:1905368	FAP	peptidase complex
GO:0003714	, ANKRD1, ARID5A, ATF7IP, BASP1, BCOR, BEND6, BRD7, C1D, C1QBP, CBFA2T2, CBFA2T3, CCND1, CDYL2, CIR1, CNOT7, COPS2, CREBBP, CRYM, CTBP1, CTBP2, CTBPL, DDX54, DHRS7B, DMAP1, DNAJB1, DNMT3B, DR1, EZH2, FHL2, GMNN, HDAC1, HDAC3, HDAC4, HDAC7, HDGF, HIPK2, HNRNPU, HSBP1, HSBP1L1, JAZF1, KDM5B, LCOR, LIMD1, LMCD1, MECP2, MED1, MINA, MYBBP1A, NCOR2, NOC2L, NR0B1, NR0B2, NRIP1, PARP9, PBXIP1, PEX14, PHB, PHF12, PIAS4, PRKN, RBFOX2, RCOR3, RERE, RUNX1T1, RUVBL2, SAP30, SCAI, SFMBT1, SFMBT2, SIN3A, SIN3B, SIRT1, SIRT6, SMYD1, SOX13, SPEN, TBL1X, TBL1XR1, TCERG1, TFAP2B, TLE1, TLE4, TOB1, TRIM28, TSG101, URI1, WNT4, WWTR1, YAF2, YAP1, ZFPM2, ZMYND8, ZNF366, ZNF451, ZNF653	transcription corepressor activity
GO:0003729	, AGO2, CALR, CELF1, CNBP, COPA, CSTF2, DAZAP1, DAZL, DDX6, DENR, EDC3, EIF2S2, EIF4A3, EIF4ENIF1, EIF4G1, ELAVL1, ELAVL4, ESRP1, ESRP2, FMR1, FXR1, FYTTD1, G3BP1, HNRNPLL, HNRNPM, IGF2BP1, IGF2BP2, IGF2BP3, LIN28A, LSM14A, LUC7L, LUC7L2, LUC7L3, MATR3, MECP2, METTL14, METTL3, MRPS7, NCBP1, NCBP3, NOCT, NOVA1, NSRP1, NUDT21, NUP98, PABPC4, PAIP2B, PARK7, PIWIL1, PKLR, PPIE, PTBP2, PTBP3, PUM1, QKI, RBFOX2, RBM10, RBM15, RBM38, RBM46, RBM47, RBM8A, RBMXL1, RBPMS2, RC3H1, RC3H2, RPL35, RPL7, RPS13, RPS26, SF3B1, SF3B6, SLBP, TDRD7, TPR, TRA2B, TSN, UPF3B, XPO5, YBX1, ZC3H12A, ZFP36L1	mRNA binding
GO:0004540	DIS3, DIS3L, DIS3L2, ERN1, HELZ2, POP4, POP5, RNASE6, RNASEL, RPP14, RSFR, ZC3H12A	ribonuclease activity
GO:0005024	BMPR2, TGFBR1, TGFBR2, TGFBR3	transforming growth factor beta-activated receptor activity
GO:0005085	, ABR, ALS2, ANKRD27, ARFGEF1, ARFGEF2, ARHGEF10, ARHGEF10L, ARHGEF11, ARHGEF12, ARHGEF16, ARHGEF17, ARHGEF26, ARHGEF28, ARHGEF3, ARHGEF33, ARHGEF38, ARHGEF39, ARHGEF6, ARHGEF7, ARHGEF9, BCR, C9orf72, CCDC88A, CCDC88C, DIS3, DNMBP, DOCK1, DOCK10, DOCK11, DOCK2, DOCK3, DOCK4, DOCK5, DOCK7, DOCK8, DOCK9, ECT2, EIF2B1, EIF2B3, ELMO1, FARP1, FARP2, FGD3, FGD4, FGD5, FGD6, FNIP1, GAPVD1, GCLM, HPS1, HPS4, ITSN1, ITSN2, KALRN, LAMTOR1, LAMTOR2, LAMTOR3, MCF2, MCF2L, MCF2L2, MON1A, MYCBP2, NET1, NGEF, PLCE1, PLEKHG1, PLEKHG5, PLEKHG7, PREX1, PREX2, RAB3IL1, RABIF, RALGPS1, RALGPS2, RAPGEF1, RAPGEF2, RAPGEF3, RAPGEF4, RAPGEF5, RAPGEFL1, RASGEF1A, RASGEF1B, RASGEF1C, RASGRF1, RASGRF2, RASGRP1, RASGRP3, RCC1L, RGL1, RIC8A, SH2D3C, SOS1, SOS2, THG1L, TIAM1, TIAM2, TRIO, VAV2, VAV3	guanyl-nucleotide exchange factor activity
GO:0005520	, CCN3, CRIM1, CYR61, ESM1, HTRA1, HTRA3, IGF1R, IGF2R, IGFBP1, IGFBP2, IGFBP3, IGFBP4, IGFBP5, IGFBP7, KAZALD1, NOV, WISP1	insulin-like growth factor binding
GO:0008146	, CHST1, CHST10, CHST11, CHST12, CHST13, CHST14, CHST2, CHST3, CHST6, CHST7, CHST8, CHST9, DSEL, GAL3ST2, HS2ST1, HS3ST1, HS3ST2, HS3ST3A1, HS3ST4, HS3ST5, HS3ST6, HS6ST1, HS6ST2, HS6ST3, NDST1, NDST3, NDST4, SULT, SULT1B, SULT1B1, SULT1C3, SULT4A1, SULT6B1, TPST1, UST, WSCD1	sulfotransferase activity
GO:0008289	, ACOT11, ACOT12, ANXA6, APOA1, APOA4, APOC3, APOD, APOH, APOLD1, BPIFB2, BPIFB3, BPIFC, CD36, CERT1, CETP, COQ9, CRABP-I, CRABP2, DGKA, DGKB, DGKG, DLC1, EPN2, ESR1, ESYT1, ESYT2, ESYT3, FABP1, FABP2, FABP3, FABP4, FABP5, FABP6, FABP7, FABP9, FCHSD1, FER, FYB, GLTP, INSIG1, LBFABP, LBP, LTC4S, MVB12B, NFE2L1, NSFL1C, OPA1, OSBP2, OSBPL2, OSBPL9, PACSIN2, PACSIN3, PCTP, PDZD8, PGRMC1, PLTP, PPARA, PPARD, RBP1, RBP2, RBP5, RBP7, SH3GL2, SH3GLB1, STAR, STARD3, STARD4, STARD5, STARD8, TEX2, UNC119, UNC119B	lipid binding
GO:0015464	CHRNA1, CHRNA2, CHRNA3, CHRNA4, CHRNA5, CHRNB4	acetylcholine receptor activity
GO:0016538	, CCNA2, CCNB1, CCNC, CCND1, CCND2, CCNE1, CCNE2, CCNG1, CCNH, CCNK, CCNL1, CCNL2, CCNT1, CCNY, CKS1B, CKS2	cyclin-dependent protein serine/threonine kinase regulator activity
GO:0016614	CHDH, H6PD	oxidoreductase activity, acting on CH-OH group of donors
GO:0016616	, BDH2, CBR4, CTBP1, CTBP2, CTBPL, DHRS3, GPD1L, GRHPR, HMGCR, HPGD, HSD3B1, IDH1, IDH2, IDH3A, IDH3B, LDHA, LDHB, MDH1, MDH1B, MDH2, NSDHL, RDH10, SDR42E1, SDR42E2, UEVLD, UGDH	oxidoreductase activity, acting on the CH-OH group of donors, NAD or NADP as acceptor
GO:0031267	CYRIB, IQGAP1, PAK2, PEX5L, RCC2, RILP, RNF152, TSC2, WAS	small GTPase binding
GO:0042562	ABHD2, CRYM, MLNR, MTNR1A, NPR2, NPR3, RXFP1	hormone binding
GO:0045182	AARS, CNBP, CPEB1, CPEB2, CPEB3, CPEB4, CYFIP1, EIF4E, IGF2BP1, RPL22, RPS14	translation regulator activity
GO:0051020	AIMP1, AMBRA1, ATG14, BNIP3, EPRS, FNBP1L, GNB1, GNB3, GOLGA4, HSP90AA1, IARS1, LAMTOR1, LCP1, MARCH5, POU4F1, RASIP1, RRAGB, RRAGC, RRAGD, STOML2, ULK1	GTPase binding
GO:0051536	, AOX1, AOX2, BRIP1, CDK5RAP1, CDKAL1, CIAPIN1, DNA2, DPYD, ELP3, ETFDH, FDX1, ISCA1, ISCA2, ISCU, LIAS, MOCS1, MYCBPAP, NDUFS1, NDUFS7, NFU1, NTHL1, NUBP1, NUBP2, REV3L, RFESD, RSAD2, SDHB, UQCRFS1, XDH	iron-sulfur cluster binding
GO:0052689	, AADAC, ACOT12, LIPC, LIPG, LIPH, LPL, NCEH1, PLA1A, PNLIPRP1, PPME1	carboxylic ester hydrolase activity
